time,close
1499990400,0.08574069
1500076800,0.07486424
1500163200,0.07478285
1500249600,0.09018601
1500336000,0.08650331
1500422400,0.10843142
1500508800,0.1185254
1500595200,0.11109801
1500681600,0.1183121
1500768000,0.11960399
1500854400,0.11640894
1500940800,0.10593918
1501027200,0.10534822
1501113600,0.1081641
1501200000,0.10460803
1501286400,0.10702982
1501372800,0.10737212
1501459200,0.10468795
1501545600,0.10000555
1501632000,0.1007273
1501718400,0.10700469
1501804800,0.10735867
1501891200,0.12976713
1501977600,0.13088988
1502064000,0.14976989
1502150400,0.22582676
1502236800,0.24956494
1502323200,0.35031005
1502409600,0.39227419
1502496000,0.44589312
1502582400,0.86096804
1502668800,1.31036199
1502755200,1.0672509
1502841600,1.43747174
1502928000,1.96477883
1503014400,2.41329199
1503100800,2.0633152
1503187200,2.51037841
1503273600,2.72614053
1503360000,2.48685765
1503446400,2.61121372
1503532800,2.36897096
1503619200,2.60381768
1503705600,2.19670774
1503792000,2.00088655
1503878400,2.11616247
1503964800,2.29162652
1504051200,2.36220668
1504137600,2.25056769
1504224000,2.44157741
1504310400,2.00971438
1504396800,1.5746722
1504483200,1.04358873
1504569600,0.98949084
1504656000,1.00676488
1504742400,1.38913144
1504828800,1.01311275
1504915200,0.96900131
1505001600,0.9481624
1505088000,1.04447956
1505174400,1.04038941
1505260800,0.93593538
1505347200,0.68825994
1505433600,0.80459028
1505520000,0.80187755
1505606400,0.79463777
1505692800,0.9047494
1505779200,0.8243047
1505865600,0.77374231
1505952000,0.70204526
1506038400,0.71879055
1506124800,0.77084512
1506211200,0.78494467
1506297600,0.92305756
1506384000,0.8625843
1506470400,1.15120676
1506556800,1.37272207
1506643200,1.27046225
1506729600,1.28170371
1506816000,1.51768438
1506902400,1.96599735
1506988800,1.83964662
1507075200,1.63656316
1507161600,1.68318709
1507248000,1.60972267
1507334400,1.58852041
1507420800,1.19647389
1507507200,1.43631086
1507593600,1.40415879
1507680000,1.4406422
1507766400,1.35365061
1507852800,1.45347997
1507939200,1.53585597
1508025600,1.56000166
1508112000,1.44508189
1508198400,1.3918787
1508284800,1.3254877
1508371200,1.28774808
1508457600,1.23938249
1508544000,1.26492975
1508630400,1.20283872
1508716800,1.178978
1508803200,1.25084982
1508889600,1.27523485
1508976000,1.21731161
1509062400,1.19599477
1509148800,1.18832024
1509235200,1.23314204
1509321600,1.33488703
1509408000,1.3483067
1509494400,1.26513161
1509580800,1.29524699
1509667200,1.45878125
1509753600,1.63903621
1509840000,1.52865153
1509926400,1.57523222
1510012800,1.8001533
1510099200,2.04364532
1510185600,2.01328026
1510272000,1.80308282
1510358400,1.68697298
1510444800,1.51708398
1510531200,1.721079
1510617600,1.59411107
1510704000,1.56798552
1510790400,1.57108033
1510876800,1.52105527
1510963200,1.66348271
1511049600,1.60701568
1511136000,1.63352869
1511222400,1.58563538
1511308800,1.62209973
1511395200,1.58424688
1511481600,1.7491556
1511568000,1.90290627
1511654400,1.8916287
1511740800,1.97001237
1511827200,1.91853782
1511913600,1.77719172
1512000000,1.9936785
1512086400,2.07204148
1512172800,2.06949459
1512259200,2.30657339
1512345600,2.55426219
1512432000,2.59883577
1512518400,2.62149007
1512604800,2.6877682
1512691200,2.82431862
1512777600,2.69877199
1512864000,2.50945758
1512950400,2.71757328
1513036800,2.68599463
1513123200,2.78032912
1513209600,3.16813223
1513296000,4.22710406
1513382400,4.67838516
1513468800,6.0801127
1513555200,5.99922807
1513641600,5.83716392
1513728000,5.16345291
1513814400,5.17599139
1513900800,4.51279931
1513987200,5.02126984
1514073600,5.38988375
1514160000,6.61430666
1514246400,9.3222583
1514332800,10.04028818
1514419200,9.49039409
1514505600,8.78008932
1514592000,7.79086846
1514678400,8.65228603
1514764800,8.49318222
1514851200,8.75869114
1514937600,9.48131149
1515024000,9.23494989
1515110400,14.92100264
1515196800,22.67564667
1515283200,18.58197132
1515369600,18.16239203
1515456000,17.55170061
1515542400,17.55273513
1515628800,21.23344203
1515715200,22.18754668
1515801600,22.11761071
1515888000,20.79799326
1515974400,19.58369833
1516060800,13.88243661
1516147200,14.43989241
1516233600,14.43597301
1516320000,15.04494291
1516406400,16.19021001
1516492800,14.14776683
1516579200,12.94901783
1516665600,13.19280249
1516752000,13.85868328
1516838400,13.13909046
1516924800,13.16607822
1517011200,13.26694536
1517097600,13.49447648
1517184000,12.69715508
1517270400,11.20587938
1517356800,11.12535409
1517443200,9.34005532
1517529600,9.6912244
1517616000,9.77852634
1517702400,8.37688343
1517788800,6.67946773
1517875200,8.31133696
1517961600,8.06432548
1518048000,8.74223866
1518134400,9.85742079
1518220800,9.27186757
1518307200,8.69353531
1518393600,9.34711971
1518480000,8.98853934
1518566400,10.44131423
1518652800,10.88506806
1518739200,11.24201273
1518825600,11.73531394
1518912000,10.68955774
1518998400,11.07419721
1519084800,9.90543169
1519171200,9.42703111
1519257600,8.88966383
1519344000,9.7512984
1519430400,9.1085286
1519516800,9.38551529
1519603200,9.91469955
1519689600,10.56052634
1519776000,10.43770396
1519862400,10.457895
1519948800,10.22645747
1520035200,10.19641562
1520121600,10.38769407
1520208000,10.03761103
1520294400,9.40604254
1520380800,9.05125525
1520467200,8.28613518
1520553600,8.31179121
1520640000,7.6597119
1520726400,8.24952623
1520812800,8.01895545
1520899200,10.1680029
1520985600,8.94641118
1521072000,9.12334396
1521158400,9.08361018
1521244800,8.95949478
1521331200,8.975621
1521417600,9.02528474
1521504000,9.16685055
1521590400,9.9581872
1521676800,10.07450647
1521763200,11.76599855
1521849600,13.23260962
1521936000,12.92068705
1522022400,12.02518158
1522108800,11.52847725
1522195200,11.65206006
1522281600,10.16874825
1522368000,10.38742305
1522454400,11.05126037
1522540800,11.08756753
1522627200,12.58887308
1522713600,13.30159463
1522800000,12.17092387
1522886400,12.50168075
1522972800,12.26918323
1523059200,12.48357
1523145600,12.12056377
1523232000,11.88888944
1523318400,12.08149655
1523404800,12.2857293
1523491200,12.99991672
1523577600,13.53906023
1523664000,13.29389562
1523750400,13.0544931
1523836800,12.21429616
1523923200,11.77109937
1524009600,12.31271598
1524096000,12.36584885
1524182400,12.5845157
1524268800,13.36010568
1524355200,12.87233871
1524441600,13.63285729
1524528000,15.16782199
1524614400,13.3502164
1524700800,14.64342577
1524787200,14.275112
1524873600,15.16366497
1524960000,15.02090069
1525046400,14.32726225
1525132800,14.14842169
1525219200,14.37823055
1525305600,14.61991473
1525392000,14.34091175
1525478400,14.36348283
1525564800,13.93795166
1525651200,13.71646815
1525737600,13.4825229
1525824000,14.6321333
1525910400,13.82273017
1525996800,13.00712051
1526083200,12.9751085
1526169600,13.18949541
1526256000,12.85186325
1526342400,12.55485797
1526428800,12.29401237
1526515200,12.38965912
1526601600,15.13195684
1526688000,14.32834183
1526774400,14.12006697
1526860800,14.69685535
1526947200,13.89599408
1527033600,12.49060612
1527120000,13.01824218
1527206400,13.06328625
1527292800,12.76092247
1527379200,12.60739894
1527465600,11.90135656
1527552000,12.60353551
1527638400,12.58226915
1527724800,14.21019314
1527811200,14.25400224
1527897600,14.68848588
1527984000,14.66985095
1528070400,14.27075355
1528156800,15.61202613
1528243200,17.28600837
1528329600,16.27864004
1528416000,16.27724
1528502400,16.02368325
1528588800,14.19618959
1528675200,15.48634811
1528761600,15.23718358
1528848000,14.57850713
1528934400,14.85312767
1529020800,15.00405872
1529107200,15.77504832
1529193600,16.59697868
1529280000,16.8291187
1529366400,16.74859767
1529452800,16.05232434
1529539200,17.08075456
1529625600,15.59365117
1529712000,15.66525145
1529798400,14.45392941
1529884800,14.92324927
1529971200,14.06422918
1530057600,14.06629958
1530144000,14.16169038
1530230400,14.5022019
1530316800,14.661379
1530403200,14.34390899
1530489600,14.61716256
1530576000,14.16097674
1530662400,14.0113715
1530748800,13.76972266
1530835200,13.39030319
1530921600,14.1496618
1531008000,14.01106373
1531094400,13.53024093
1531180800,12.79936256
1531267200,12.69951195
1531353600,12.12752151
1531440000,12.17236517
1531526400,12.03852736
1531612800,12.30935416
1531699200,13.3750074
1531785600,13.77595542
1531872000,12.84127165
1531958400,12.9546084
1532044800,12.0791482
1532131200,12.18188678
1532217600,12.14466525
1532304000,12.02516204
1532390400,12.11883993
1532476800,12.99920244
1532563200,13.33378168
1532649600,13.98993045
1532736000,14.63352083
1532822400,13.97237296
1532908800,13.19423361
1532995200,13.82788294
1533081600,13.6353278
1533168000,14.17007994
1533254400,14.11730427
1533340800,13.87272278
1533427200,13.68044563
1533513600,13.68344555
1533600000,13.12721853
1533686400,12.15700907
1533772800,12.8216732
1533859200,12.07573198
1533945600,11.7196427
1534032000,11.79702537
1534118400,10.30185528
1534204800,9.41762754
1534291200,9.55004643
1534377600,9.79995364
1534464000,10.87594441
1534550400,9.92413484
1534636800,10.147641
1534723200,9.64540586
1534809600,9.73009288
1534896000,9.48245887
1534982400,9.75263623
1535068800,10.20706546
1535155200,10.09926542
1535241600,10.21830908
1535328000,11.1753554
1535414400,11.50759716
1535500800,11.15184366
1535587200,10.76696919
1535673600,10.99175908
1535760000,11.50327073
1535846400,11.33845959
1535932800,11.30576057
1536019200,11.42233712
1536105600,9.95131837
1536192000,10.25401392
1536278400,9.95774921
1536364800,9.5888614
1536451200,9.56366924
1536537600,9.59894351
1536624000,9.43139016
1536710400,9.22368934
1536796800,9.59742026
1536883200,9.87822528
1536969600,10.09427636
1537056000,9.91803362
1537142400,9.47866437
1537228800,9.56696483
1537315200,9.65158496
1537401600,10.02438569
1537488000,10.34227462
1537574400,10.16801982
1537660800,10.20105715
1537747200,9.99537508
1537833600,9.81324555
1537920000,9.72619964
1538006400,9.96110096
1538092800,9.88945537
1538179200,9.92277656
1538265600,9.92725524
1538352000,9.87350017
1538438400,10.25188135
1538524800,10.22647187
1538611200,10.18738553
1538697600,10.54239803
1538784000,10.3451852
1538870400,10.50731805
1538956800,10.46013387
1539043200,10.30487334
1539129600,10.23734559
1539216000,9.23357449
1539302400,9.41972986
1539388800,9.47357938
1539475200,9.35962241
1539561600,10.07033526
1539648000,9.81672632
1539734400,9.78330558
1539820800,9.5973362
1539907200,9.67722341
1539993600,9.662614
1540080000,9.63485364
1540166400,9.6339544
1540252800,9.68518543
1540339200,9.64263711
1540425600,9.60029677
1540512000,9.62274228
1540598400,9.5806179
1540684800,9.58266166
1540771200,9.32763222
1540857600,9.34637402
1540944000,9.39464742
1541030400,9.50964087
1541116800,9.53418771
1541203200,9.51108964
1541289600,9.7178961
1541376000,9.65677255
1541462400,9.75916199
1541548800,9.7871566
1541635200,9.58683998
1541721600,9.47479497
1541808000,9.46126862
1541894400,9.40751911
1541980800,9.30070663
1542067200,9.10087242
1542153600,8.2189326
1542240000,8.10164616
1542326400,7.81601948
1542412800,7.66569644
1542499200,7.92654271
1542585600,6.45231278
1542672000,5.64730242
1542758400,6.12689153
1542844800,5.64559158
1542931200,5.49637789
1543017600,4.99840362
1543104000,5.09806289
1543190400,4.88393679
1543276800,4.8500826
1543363200,5.29122344
1543449600,5.32033056
1543536000,5.02449014
1543622400,5.21508255
1543708800,5.20515152
1543795200,5.0607216
1543881600,5.84314915
1543968000,5.95192701
1544054400,4.8013069
1544140800,4.47879171
1544227200,4.61115438
1544313600,4.75618829
1544400000,4.59933119
1544486400,4.85509663
1544572800,4.96524037
1544659200,4.58851558
1544745600,4.47618286
1544832000,4.4906161
1544918400,4.56995483
1545004800,5.06006803
1545091200,5.55953076
1545177600,5.38401553
1545264000,5.70079728
1545350400,5.48116313
1545436800,5.88039634
1545523200,5.98402648
1545609600,6.13705322
1545696000,5.49407739
1545782400,5.65671398
1545868800,5.21298049
1545955200,5.9547515
1546041600,5.70953941
1546128000,5.93810812
1546214400,6.09644321
1546300800,6.03587134
1546387200,6.09689752
1546473600,5.83190543
1546560000,6.00970879
1546646400,5.99786565
1546732800,6.35076095
1546819200,6.2494497
1546905600,6.57645463
1546992000,6.61241734
1547078400,5.90199544
1547164800,6.0101462
1547251200,5.91501098
1547337600,5.53032408
1547424000,6.1185804
1547510400,5.84854977
1547596800,6.12129949
1547683200,6.37068395
1547769600,6.51517451
1547856000,6.55647425
1547942400,6.40052675
1548028800,6.47846304
1548115200,6.47779759
1548201600,6.49387148
1548288000,6.455125
1548374400,6.67154767
1548460800,6.92522654
1548547200,7.00042042
1548633600,6.1466272
1548720000,6.10111907
1548806400,6.09550185
1548892800,6.18826043
1548979200,6.47312777
1549065600,6.79657185
1549152000,6.71393677
1549238400,7.00302969
1549324800,7.7692226
1549411200,8.03259427
1549497600,7.7164556
1549584000,8.512593
1549670400,8.79880672
1549756800,9.07498041
1549843200,9.41577822
1549929600,9.15662217
1550016000,8.8276075
1550102400,8.68434072
1550188800,9.19819278
1550275200,9.01130436
1550361600,9.1289486
1550448000,9.53189898
1550534400,10.42992247
1550620800,10.8340925
1550707200,10.36719296
1550793600,10.7070831
1550880000,10.70670843
1550966400,9.90092422
1551052800,9.67616336
1551139200,9.4026821
1551225600,9.81149309
1551312000,10.22331784
1551398400,11.27450197
1551484800,11.73254101
1551571200,11.3888204
1551657600,11.35627019
1551744000,13.58529582
1551830400,14.4735612
1551916800,15.02233887
1552003200,14.2083219
1552089600,14.36871653
1552176000,14.31306608
1552262400,14.33389097
1552348800,15.25614536
1552435200,14.98025385
1552521600,14.80097948
1552608000,14.84094484
1552694400,15.89695912
1552780800,15.55839117
1552867200,15.47038125
1552953600,15.4462703
1553040000,15.09497425
1553126400,14.33196245
1553212800,15.137889
1553299200,15.05788668
1553385600,17.02967961
1553472000,16.65345139
1553558400,16.05891801
1553644800,16.55572241
1553731200,16.58407408
1553817600,16.42826091
1553904000,16.91965322
1553990400,17.48660687
1554076800,17.8665085
1554163200,19.90532514
1554249600,18.71958885
1554336000,18.98990618
1554422400,19.4796112
1554508800,19.08533282
1554595200,19.05198302
1554681600,18.13250934
1554768000,18.43776736
1554854400,18.29665122
1554940800,17.62571873
1555027200,18.39913383
1555113600,18.68274559
1555200000,19.48706039
1555286400,19.28354368
1555372800,19.74068605
1555459200,19.59418309
1555545600,22.00860619
1555632000,24.4432336
1555718400,24.99999325
1555804800,24.18391716
1555891200,23.91279819
1555977600,22.68478535
1556064000,23.10472387
1556150400,22.10281167
1556236800,22.35667559
1556323200,21.88744462
1556409600,22.37638477
1556496000,21.32378147
1556582400,21.82387239
1556668800,21.63671937
1556755200,23.18026611
1556841600,23.24595804
1556928000,22.64034141
1557014400,22.73280728
1557100800,21.95921224
1557187200,20.32686496
1557273600,20.4857562
1557360000,18.63946759
1557446400,19.55818521
1557532800,21.19502326
1557619200,20.95121601
1557705600,23.62903292
1557792000,23.8451123
1557878400,26.94314843
1557964800,26.31061209
1558051200,25.80775964
1558137600,28.84920342
1558224000,29.25860253
1558310400,29.53305338
1558396800,32.57120068
1558483200,30.78626789
1558569600,31.55963325
1558656000,34.24143497
1558742400,35.29834261
1558828800,33.58382078
1558915200,33.57941501
1559001600,33.12100508
1559088000,33.67634715
1559174400,31.66175229
1559260800,32.8556554
1559347200,33.3754395
1559433600,33.20433364
1559520000,30.76855236
1559606400,29.23999781
1559692800,30.89769884
1559779200,31.19685977
1559865600,31.44601024
1559952000,31.87499269
1560038400,30.15746697
1560124800,32.19091756
1560211200,32.05628367
1560297600,35.04511813
1560384000,35.39984853
1560470400,32.56658115
1560556800,32.81385471
1560643200,32.27427863
1560729600,33.91484589
1560816000,34.42429871
1560902400,35.27091667
1560988800,36.90551399
1561075200,38.9681466
1561161600,37.76370282
1561248000,36.99689406
1561334400,37.35322665
1561420800,35.90975658
1561507200,35.63379157
1561593600,33.88512865
1561680000,34.50176278
1561766400,35.40919146
1561852800,31.86358667
1561939200,33.0042983
1562025600,31.94011978
1562112000,32.62377725
1562198400,33.01372228
1562284800,32.57738269
1562371200,32.51598315
1562457600,33.12728576
1562544000,33.54034474
1562630400,32.54073707
1562716800,31.30015282
1562803200,29.43939284
1562889600,32.03063594
1562976000,31.51230253
1563062400,28.88241874
1563148800,28.63085035
1563235200,25.02558669
1563321600,27.71902306
1563408000,28.98564908
1563494400,29.08578512
1563580800,31.15285618
1563667200,30.45474428
1563753600,30.82115208
1563840000,29.38611134
1563926400,28.84998799
1564012800,28.93410075
1564099200,28.99124891
1564185600,27.72274781
1564272000,27.69036655
1564358400,26.94382095
1564444800,27.02136018
1564531200,27.77162555
1564617600,28.80243199
1564704000,28.15068729
1564790400,27.74441622
1564876800,27.49980859
1564963200,27.92732126
1565049600,27.61492052
1565136000,29.67117301
1565222400,31.01151501
1565308800,29.75883049
1565395200,29.58946627
1565481600,30.21317247
1565568000,30.15779272
1565654400,29.33593501
1565740800,26.92824981
1565827200,28.11954013
1565913600,27.56093496
1566000000,27.45321189
1566086400,27.92823117
1566172800,28.80421704
1566259200,28.05240515
1566345600,26.90876027
1566432000,27.0283299
1566518400,26.99295682
1566604800,26.34087401
1566691200,26.0687678
1566777600,26.10386716
1566864000,25.57507284
1566950400,23.34863233
1567036800,21.77341683
1567123200,22.14923309
1567209600,21.07213214
1567296000,21.52284976
1567382400,22.89164483
1567468800,22.37413182
1567555200,21.72212297
1567641600,22.67893495
1567728000,22.04811675
1567814400,22.46276664
1567900800,22.4209546
1567987200,22.12122877
1568073600,21.76166395
1568160000,20.72562071
1568246400,20.84313291
1568332800,20.82539648
1568419200,20.99823301
1568505600,20.30366413
1568592000,20.26732475
1568678400,21.04294162
1568764800,22.18681428
1568851200,21.56929602
1568937600,21.26955369
1569024000,20.957265
1569110400,20.36473037
1569196800,19.28504034
1569283200,15.89281628
1569369600,16.04066631
1569456000,15.21184088
1569542400,15.69335052
1569628800,15.75433254
1569715200,15.22130522
1569801600,15.87020823
1569888000,15.91044193
1569974400,15.91370771
1570060800,15.65824981
1570147200,15.64126154
1570233600,15.72409242
1570320000,15.06142837
1570406400,16.04806733
1570492800,16.02524215
1570579200,17.77141136
1570665600,17.59204349
1570752000,16.58111911
1570838400,17.19827694
1570924800,18.27170717
1571011200,18.47423842
1571097600,18.57011963
1571184000,17.75616554
1571270400,18.54887796
1571356800,18.23648136
1571443200,18.23107358
1571529600,18.5158691
1571616000,18.29235823
1571702400,18.23922479
1571788800,16.70071901
1571875200,16.99041639
1571961600,18.64342858
1572048000,19.01139881
1572134400,19.3463753
1572220800,19.96192244
1572307200,20.80486313
1572393600,20.06855437
1572480000,19.92421331
1572566400,20.02483405
1572652800,20.22311307
1572739200,20.19087278
1572825600,20.66744903
1572912000,20.68359263
1572998400,20.69520609
1573084800,20.40213673
1573171200,19.60720297
1573257600,19.72462837
1573344000,20.42584009
1573430400,20.07107719
1573516800,20.958488
1573603200,21.34217455
1573689600,21.28075368
1573776000,20.24297195
1573862400,20.15049944
1573948800,20.17709537
1574035200,19.05786547
1574121600,18.47992403
1574208000,18.06634313
1574294400,16.76936954
1574380800,15.51301438
1574467200,16.27838721
1574553600,15.02241909
1574640000,15.18123086
1574726400,15.38167911
1574812800,16.10596215
1574899200,15.55643215
1574985600,16.28083235
1575072000,15.73916484
1575158400,15.45115195
1575244800,15.16256525
1575331200,15.26661349
1575417600,15.121012
1575504000,15.66457743
1575590400,15.69811698
1575676800,15.64857011
1575763200,15.63272221
1575849600,15.32726701
1575936000,14.79180271
1576022400,14.75779131
1576108800,14.7038887
1576195200,14.84991698
1576281600,14.38189649
1576368000,14.38293207
1576454400,13.42975482
1576540800,12.34989272
1576627200,13.64576707
1576713600,13.34424317
1576800000,13.49679374
1576886400,13.30631387
1576972800,13.7955658
1577059200,13.29331213
1577145600,13.34076063
1577232000,13.04765932
1577318400,13.12083456
1577404800,13.27134063
1577491200,13.6530544
1577577600,14.09623245
1577664000,13.79781399
1577750400,13.66545237
1577836800,13.65885453
1577923200,12.9690017
1578009600,13.6385047
1578096000,13.78972458
1578182400,14.03408417
1578268800,14.96251343
1578355200,15.03786672
1578441600,14.51748182
1578528000,14.3789422
1578614400,15.08330241
1578700800,14.91914135
1578787200,15.33620809
1578873600,15.16042269
1578960000,16.63127144
1579046400,17.64996447
1579132800,17.03322488
1579219200,18.0497174
1579305600,17.78904917
1579392000,17.3646244
1579478400,17.28833555
1579564800,18.07306164
1579651200,17.78299684
1579737600,17.00989679
1579824000,17.06384617
1579910400,16.9154883
1579996800,17.4601506
1580083200,17.64526559
1580169600,18.11437979
1580256000,17.87571739
1580342400,18.52822056
1580428800,18.23514755
1580515200,18.24919607
1580601600,18.41960645
1580688000,18.43131208
1580774400,18.11243494
1580860800,19.28655046
1580947200,20.64589977
1581033600,22.04321638
1581120000,21.81327074
1581206400,24.39131352
1581292800,25.15666045
1581379200,25.81262774
1581465600,26.48821783
1581552000,25.45790405
1581638400,26.4210287
1581724800,24.24381986
1581811200,23.36346216
1581897600,23.44461816
1581984000,24.12794533
1582070400,22.40266849
1582156800,22.1454473
1582243200,22.20923868
1582329600,21.99835642
1582416000,22.91533493
1582502400,22.11154177
1582588800,20.28268146
1582675200,18.70996258
1582761600,19.18434989
1582848000,19.02497385
1582934400,19.2312545
1583020800,18.90442631
1583107200,19.93772414
1583193600,19.67134465
1583280000,19.96604756
1583366400,20.77192636
1583452800,21.39095974
1583539200,20.3003358
1583625600,16.90151057
1583712000,16.60510442
1583798400,16.83744512
1583884800,16.5805863
1583971200,9.3020256
1584057600,11.05536673
1584144000,10.134026
1584230400,10.35446132
1584316800,9.45385919
1584403200,10.29350085
1584489600,10.43071355
1584576000,12.29477682
1584662400,11.90140726
1584748800,12.12109124
1584835200,11.1682654
1584921600,12.23183581
1585008000,12.47162492
1585094400,12.35200592
1585180800,13.23297445
1585267200,12.37287263
1585353600,12.21280679
1585440000,11.295717
1585526400,12.16576754
1585612800,12.56926199
1585699200,12.78268103
1585785600,13.04782315
1585872000,13.39371277
1585958400,13.79976089
1586044800,13.6888926
1586131200,15.2159651
1586217600,14.72373379
1586304000,15.11702653
1586390400,15.03839754
1586476800,13.74914706
1586563200,13.8338773
1586649600,14.28686864
1586736000,15.06723349
1586822400,15.63391036
1586908800,14.5784523
1586995200,15.75527331
1587081600,15.64702396
1587168000,16.65002301
1587254400,16.09018421
1587340800,15.0165051
1587427200,15.15633314
1587513600,15.74237867
1587600000,16.11493998
1587686400,15.9486079
1587772800,16.25379746
1587859200,16.38687377
1587945600,16.44952151
1588032000,16.3777567
1588118400,17.39904383
1588204800,16.95647083
1588291200,17.46871216
1588377600,17.56501965
1588464000,17.12013429
1588550400,17.03509237
1588636800,16.90255439
1588723200,16.39593713
1588809600,17.03117587
1588896000,17.14097799
1588982400,16.77514444
1589068800,15.35524778
1589155200,15.10585404
1589241600,15.81401851
1589328000,16.23562057
1589414400,16.37515124
1589500800,15.70417294
1589587200,16.07167959
1589673600,16.27966901
1589760000,16.62714831
1589846400,17.22225082
1589932800,16.89923161
1590019200,16.07735249
1590105600,16.58801204
1590192000,16.47389859
1590278400,15.96613366
1590364800,16.37311371
1590451200,16.21506934
1590537600,16.48054
1590624000,17.03467266
1590710400,16.99714887
1590796800,17.73273209
1590883200,17.08842608
1590969600,17.94785692
1591056000,17.27345676
1591142400,17.58362726
1591228800,17.51680147
1591315200,17.68012328
1591401600,17.55428524
1591488000,17.42593228
1591574400,17.45004134
1591660800,17.39406347
1591747200,17.4124588
1591833600,16.22246327
1591920000,16.63056253
1592006400,16.81412451
1592092800,16.54248664
1592179200,16.3902959
1592265600,16.43270445
1592352000,16.38310039
1592438400,16.13828962
1592524800,15.94560859
1592611200,16.05867175
1592697600,15.96629252
1592784000,16.52149523
1592870400,16.38906329
1592956800,15.97654242
1593043200,15.89451754
1593129600,15.75348089
1593216000,15.11998698
1593302400,15.38182332
1593388800,15.46375749
1593475200,15.38990187
1593561600,15.82008023
1593648000,15.37768386
1593734400,15.28250253
1593820800,15.56364003
1593907200,15.49766523
1593993600,16.31790456
1594080000,16.79487531
1594166400,17.27857001
1594252800,16.83256339
1594339200,17.30211019
1594425600,17.62570167
1594512000,18.3173263
1594598400,18.39434039
1594684800,18.07823353
1594771200,17.62393664
1594857600,17.16055843
1594944000,17.06962521
1595030400,17.15964222
1595116800,18.02348584
1595203200,17.47112433
1595289600,17.72164895
1595376000,18.12794551
1595462400,18.7902046
1595548800,19.21030362
1595635200,19.86277825
1595721600,19.58044466
1595808000,19.77435308
1595894400,20.23006485
1595980800,19.90886002
1596067200,20.03836873
1596153600,20.68600291
1596240000,21.64232707
1596326400,20.95152286
1596412800,22.08692632
1596499200,22.31033894
1596585600,23.31147874
1596672000,22.76702607
1596758400,22.3555493
1596844800,22.9371994
1596931200,22.42190909
1597017600,22.6493271
1597104000,21.29213547
1597190400,21.52178565
1597276800,21.80835698
1597363200,23.13600093
1597449600,23.11098485
1597536000,23.54050767
1597622400,23.53333162
1597708800,23.00360855
1597795200,22.38347008
1597881600,23.09043105
1597968000,22.08400653
1598054400,22.22624404
1598140800,21.86191295
1598227200,22.62035727
1598313600,21.40270281
1598400000,22.23133328
1598486400,23.0958905
1598572800,23.0959699
1598659200,22.96591629
1598745600,23.6311389
1598832000,23.16881916
1598918400,24.72246844
1599004800,24.7343061
1599091200,20.43995077
1599177600,21.06471284
1599264000,19.4894345
1599350400,23.17507693
1599436800,22.45983593
1599523200,23.26889574
1599609600,24.52296823
1599696000,24.57510626
1599782400,25.42926387
1599868800,28.51697172
1599955200,31.15936836
1600041600,31.28804895
1600128000,27.10316991
1600214400,27.86390713
1600300800,27.11053588
1600387200,27.65747856
1600473600,27.19118965
1600560000,26.33625677
1600646400,23.11611784
1600732800,24.06223692
1600819200,22.81275065
1600905600,24.61209066
1600992000,24.69279871
1601078400,26.20524242
1601164800,26.23790234
1601251200,26.99258357
1601337600,28.90065757
1601424000,29.28276793
1601510400,27.47613749
1601596800,27.37299372
1601683200,28.229224
1601769600,28.99476079
1601856000,28.63893384
1601942400,27.71858499
1602028800,27.70376975
1602115200,27.74234037
1602201600,28.40945112
1602288000,28.40783463
1602374400,28.54283376
1602460800,30.65151511
1602547200,30.74571741
1602633600,30.86054994
1602720000,31.36780259
1602806400,30.04427314
1602892800,30.25105698
1602979200,30.6813468
1603065600,29.93253933
1603152000,28.85327837
1603238400,29.78966246
1603324800,30.6636647
1603411200,30.67716026
1603497600,30.68271292
1603584000,30.16771621
1603670400,31.0860892
1603756800,31.53769375
1603843200,30.38011059
1603929600,29.86448518
1604016000,28.52242436
1604102400,28.5339224
1604188800,28.54008623
1604275200,27.83728773
1604361600,26.8939094
1604448000,26.99132607
1604534400,27.72847375
1604620800,29.10484543
1604707200,27.78596196
1604793600,28.43978422
1604880000,28.09772225
1604966400,28.23782343
1605052800,28.04090864
1605139200,27.72102257
1605225600,28.23757507
1605312000,27.95935607
1605398400,27.70272099
1605484800,27.98142215
1605571200,28.6023172
1605657600,28.12116479
1605744000,28.15785088
1605830400,29.00610017
1605916800,30.52258906
1606003200,30.07314357
1606089600,31.04621325
1606176000,33.96139041
1606262400,31.2957592
1606348800,28.26569601
1606435200,28.47727778
1606521600,29.19654549
1606608000,30.12383939
1606694400,31.49978683
1606780800,30.22878166
1606867200,30.31761143
1606953600,30.75025633
1607040000,29.06686062
1607126400,29.74574863
1607212800,29.53469922
1607299200,29.37508428
1607385600,27.65639562
1607472000,28.15749706
1607558400,27.68565319
1607644800,27.34675102
1607731200,28.17131395
1607817600,29.12475036
1607904000,30.02333176
1607990400,29.5191454
1608076800,30.60736718
1608163200,30.24653045
1608249600,31.02490528
1608336000,33.34964788
1608422400,34.31455119
1608508800,32.0764878
1608595200,33.54178874
1608681600,31.18364653
1608768000,32.49412637
1608854400,33.18951312
1608940800,33.60554097
1609027200,33.61430271
1609113600,35.86587384
1609200000,39.01918878
1609286400,38.13964396
1609372800,37.43405049
1609459200,37.84593345
1609545600,38.29789122
1609632000,41.33399093
1609718400,41.12744051
1609804800,41.94945646
1609891200,42.36365969
1609977600,43.65679532
1610064000,42.43134366
1610150400,44.02845248
1610236800,42.45639431
1610323200,38.21387063
1610409600,38.25451948
1610496000,40.12956961
1610582400,41.84817793
1610668800,40.93667376
1610755200,43.10402386
1610841600,45.84580827
1610928000,45.33091412
1611014400,42.57450338
1611100800,42.61365375
1611187200,38.61457619
1611273600,40.9221917
1611360000,40.93954737
1611446400,41.88143997
1611532800,41.81739674
1611619200,41.88667826
1611705600,40.97970986
1611792000,42.64907195
1611878400,42.86661934
1611964800,44.84454703
1612051200,44.39593649
1612137600,51.47179301
1612224000,51.04832669
1612310400,52.24808395
1612396800,56.06577376
1612483200,67.69749939
1612569600,72.99678086
1612656000,68.5447232
1612742400,79.98246264
1612828800,107.58099286
1612915200,128.84857763
1613001600,124.15762538
1613088000,137.0983921
1613174400,133.43639259
1613260800,136.03515402
1613347200,130.04983218
1613433600,130.15209667
1613520000,165.47051478
1613606400,195.70850482
1613692800,333.60339997
1613779200,253.91871155
1613865600,295.32511107
1613952000,267.63518757
1614038400,231.63648012
1614124800,254.72543964
1614211200,234.77701035
1614297600,221.99652608
1614384000,225.59354388
1614470400,210.66729875
1614556800,255.10836363
1614643200,240.00739577
1614729600,240.72574794
1614816000,229.63646317
1614902400,225.45388521
1614988800,226.45489056
1615075200,239.99086232
1615161600,240.68035912
1615248000,293.59673626
1615334400,278.45469728
1615420800,290.12888728
1615507200,263.11561239
1615593600,276.11749541
1615680000,263.39375837
1615766400,254.31277066
1615852800,258.62822343
1615939200,269.92981612
1616025600,261.36977031
1616112000,263.310352
1616198400,264.37060477
1616284800,264.84253095
1616371200,255.13648784
1616457600,255.56790233
1616544000,248.43844254
1616630400,234.0790579
1616716800,255.25783352
1616803200,269.39610047
1616889600,268.67919415
1616976000,275.03937416
1617062400,311.40936699
1617148800,302.70831715
1617235200,334.68995724
1617321600,338.5535385
1617408000,322.20770772
1617494400,349.12600871
1617580800,368.03860361
1617667200,403.51827602
1617753600,375.0838807
1617840000,418.58058973
1617926400,453.42610472
1618012800,471.44608888
1618099200,525.75529954
1618185600,596.64245045
1618272000,551.42637195
1618358400,549.87690836
1618444800,542.46786577
1618531200,509.14939661
1618617600,514.84966959
1618704000,482.42999588
1618790400,504.49321783
1618876800,587.619552
1618963200,544.24282067
1619049600,505.14913027
1619136000,527.39047216
1619222400,497.23470639
1619308800,505.64004043
1619395200,535.84120842
1619481600,569.59083718
1619568000,563.17257544
1619654400,600.27113885
1619740800,623.60171948
1619827200,620.89509662
1619913600,622.20393329
1620000000,676.90860168
1620086400,609.80434532
1620172800,652.1850594
1620259200,634.55261519
1620345600,624.9205809
1620432000,647.37183665
1620518400,662.73477622
1620604800,631.99621193
1620691200,672.83194351
1620777600,592.03329727
1620864000,571.18016826
1620950400,603.37008329
1621036800,563.27444115
1621123200,564.16740204
1621209600,512.55476176
1621296000,508.24508332
1621382400,335.6281677
1621468800,392.03378979
1621555200,326.57191283
1621641600,299.99629644
1621728000,261.175522
1621814400,346.18479637
1621900800,343.84819424
1621987200,379.62865687
1622073600,369.948264
1622160000,329.12457654
1622246400,305.20425572
1622332800,325.90674585
1622419200,353.87095651
1622505600,362.30350431
1622592000,401.62224243
1622678400,428.46276956
1622764800,390.91526705
1622851200,390.3024866
1622937600,393.76353861
1623024000,358.07745921
1623110400,352.8324888
1623196800,375.66297612
1623283200,352.07328671
1623369600,345.73675395
1623456000,343.77170051
1623542400,365.95172493
1623628800,370.40668257
1623715200,366.83545963
1623801600,347.28897416
1623888000,352.79931764
1623974400,337.2545412
1624060800,333.95321232
1624147200,339.05220217
1624233600,270.93148703
1624320000,262.20052495
1624406400,296.24959738
1624492800,308.56794066
1624579200,280.9699552
1624665600,279.76357893
1624752000,290.95322829
1624838400,290.01251413
1624924800,300.86959187
1625011200,303.6662376
1625097600,287.723865
1625184000,287.37843375
1625270400,298.35789693
1625356800,307.7577068
1625443200,302.09586866
1625529600,320.07279975
1625616000,327.88339594
1625702400,310.25320429
1625788800,317.18063988
1625875200,316.22204318
1625961600,321.9684005
1626048000,316.16851994
1626134400,308.922466
1626220800,309.35262452
1626307200,315.8599737
1626393600,303.08144106
1626480000,300.57949058
1626566400,302.17191405
1626652800,280.49281843
1626739200,264.46373935
1626825600,293.17102612
1626912000,293.43410996
1626998400,299.4927526
1627084800,301.84795965
1627171200,302.94711539
1627257600,304.038075
1627344000,313.7466181
1627430400,314.00732374
1627516800,317.15707597
1627603200,322.6257782
1627689600,332.73930344
1627776000,332.69572701
1627862400,330.59659869
1627948800,323.19615485
1628035200,334.78897258
1628121600,338.11868646
1628208000,342.46070169
1628294400,356.6366064
1628380800,342.19161008
1628467200,354.54410933
1628553600,372.090288
1628640000,391.21571235
1628726400,385.82825895
1628812800,411.02568552
1628899200,409.14733301
1628985600,414.57756629
1629072000,415.96946344
1629158400,401.59242354
1629244800,396.48568825
1629331200,431.30483315
1629417600,455.09207997
1629504000,449.23634172
1629590400,449.07114512
1629676800,499.66338136
1629763200,471.8816689
1629849600,503.52664607
1629936000,478.1924212
1630022400,494.71796357
1630108800,486.46154843
1630195200,480.14391333
1630281600,460.27505331
1630368000,464.24102272
1630454400,489.98871945
1630540800,483.76153536
1630627200,488.72126607
1630713600,497.80752111
1630800000,505.02025726
1630886400,496.36300359
1630972800,418.81010682
1631059200,415.25369685
1631145600,421.28904386
1631232000,401.48088131
1631318400,404.94723816
1631404800,416.46782156
1631491200,399.35150698
1631577600,414.60344571
1631664000,431.4260384
1631750400,424.44787626
1631836800,406.60851239
1631923200,410.96889982
1632009600,408.56510783
1632096000,363.96697282
1632182400,344.11914312
1632268800,379.01808987
1632355200,383.77972696
1632441600,355.35344416
1632528000,349.94068592
1632614400,344.39222013
1632700800,335.65069366
1632787200,333.18845568
1632873600,366.2838
1632960000,385.79
1633046400,419.9036
1633132800,426.1899
1633219200,430.8195
1633305600,425.5291
1633392000,441.9184
1633478400,433.6443
1633564800,439.8547
1633651200,418.6686
1633737600,422.3429
1633824000,406.3732
1633910400,411.9058
1633996800,442.8014
1634083200,468.2963
1634169600,471.0379
1634256000,474.7033
1634342400,467.7678
1634428800,471.7212
1634515200,483.9429
1634601600,486.2393
1634688000,500.8178
1634774400,472.0528
1634860800,479.6642
1634947200,484.2034
1635033600,476.9568
1635120000,485.186
1635206400,478.3691
1635292800,449.158
1635379200,492.0311
1635465600,530.4278
1635552000,527.0976
1635638400,524.6994
1635724800,551.8208
1635811200,555.7123
1635897600,568.9727
1635984000,559.028
1636070400,607.5762
1636156800,630.7121
1636243200,649.824
1636329600,655.2101
1636416000,635.2958
1636502400,614.5633
1636588800,629.0932
1636675200,626.158
1636761600,648.6749
1636848000,650.6242
1636934400,634.0731
1637020800,589.3805
1637107200,578.0995
1637193600,531.9514
1637280000,581.5088
1637366400,598.7534
1637452800,584.603
1637539200,559.7266
1637625600,591.7219
1637712000,590.7626
1637798400,639.0303
1637884800,588.9285
1637971200,598.2342
1638057600,611.6921
1638144000,624.3804
1638230400,623.03
1638316800,628.0196
1638403200,620.5939
1638489600,596.051
1638576000,576.7542
1638662400,558.3341
1638748800,588.1916
1638835200,579.1716
1638921600,607.4698
1639008000,570.521
1639094400,556.1026
1639180800,564.7714
1639267200,570.5232
1639353600,521.2009
1639440000,528.6444
1639526400,540.8215
1639612800,526.3543
1639699200,526.3649
1639785600,533.3444
1639872000,530.1971
1639958400,524.1074
1640044800,528.9531
1640131200,533.9843
1640217600,548.961
1640304000,542.8968
1640390400,547.4644
1640476800,546.9634
1640563200,563.6168
1640649600,534.4688
1640736000,514.3704
1640822400,518.4592
1640908800,511.9693
1640995200,523.7734
1641081600,531.3096
1641168000,512.3065
1641254400,507.1
1641340800,474.2183
1641427200,472.7931
1641513600,448.6091
1641600000,435.1108
1641686400,438.6457
1641772800,424.8932
1641859200,463.2809
1641945600,487.8379
1642032000,475.2813
1642118400,490.309
1642204800,493.5683
1642291200,498.6154
1642377600,475.2549
1642464000,471.419
1642550400,462.1473
1642636800,440.2849
1642723200,384.8483
1642809600,366.0649
1642896000,384.2504
1642982400,371.6312
1643068800,385.5875
1643155200,375.3482
1643241600,390.0854
1643328000,385.484
1643414400,388.0734
1643500800,377.4712
1643587200,374.6275
1643673600,384.5654
1643760000,367.4045
1643846400,372.3608
1643932800,399.8701
1644019200,414.1164
1644105600,420.2423
1644192000,433.6413
1644278400,408.1777
1644364800,422.7726
1644451200,415.2507
1644537600,401.2402
1644624000,404.6957
1644710400,398.4191
1644796800,403.7024
1644883200,432.8429
1644969600,427.5348
1645056000,402.5793
1645142400,399.3901
1645228800,400.0768
1645315200,380.5074
1645401600,356.7581
1645488000,374.357
1645574400,365.7571
1645660800,361.3098
1645747200,375.025275
1645833600,373.80415
1645920000,360.26975
1646006400,395.921425
1646092800,408.771675
1646179200,409.30385
1646265600,402.686
1646352000,374.341625
1646438400,384.6657
1646524800,374.905825
1646611200,380.801575
1646697600,381.492575
1646784000,393.55
1646870400,372.305
1646956800,372.14905
1647043200,372.379375
1647129600,361.5795
1647216000,373.6
1647302400,371.8393
1647388800,385.564475
1647475200,392.05985
1647561600,397.442375
1647648000,400.123125
1647734400,390.85075
1647820800,396.182375
1647907200,404.25655
1647993600,408.537975
1648080000,414.38995
1648166400,410.634475
1648252800,416.3015
1648339200,430.699625
1648425600,430.040175
1648512000,434.5306
1648598400,442.19575
1648684800,428.691225
1648771200,447.884725
1648857600,437.0006
1648944000,450.352775
1649030400,447.584975
1649116800,444.7132
1649203200,420.044825
1649289600,436.1886
1649376000,421.550875
1649462400,426.87785
1649548800,418.065125
1649635200,394.48665
1649721600,413.676375
1649808000,423.184275
1649894400,414.6961
1649980800,417.4154
1650067200,417.2528
1650153600,406.859675
1650240000,416.906225
1650326400,422.224825
1650412800,418.373875
1650499200,404.96085
1650585600,406.54875
1650672000,401.03685
1650758400,398.873825
1650844800,404.3197
1650931200,386.000625
1651017600,391.44125
1651104000,407.0155
1651190400,392.84065
1651276800,377.02465
1651363200,389.914725
1651449600,389.437025
1651536000,383.6568
1651622400,402.399325
1651708800,378.36805
1651795200,379.1061
1651881600,365.202
1651968000,355.8175
1652054400,295.971025
1652140800,318.5912
1652227200,270.380625
1652313600,268.025075
1652400000,290.04465
1652486400,296.6716
1652572800,312.0967
1652659200,296.722
1652745600,305.624875
1652832000,287.18055
1652918400,306.4967
1653004800,301.851025
1653091200,311.9669
1653177600,319.074525
1653264000,316.644375
1653350400,327.89235
1653436800,325.277175
1653523200,302.63325
1653609600,301.103825
1653696000,307.34665
1653782400,305.5777
1653868800,321.493075
1653955200,320.6796
1654041600,300.2281
1654128000,308.199075
1654214400,298.2603
1654300800,301.17705
1654387200,298.8111
1654473600,295.03235
1654560000,290.071725
1654646400,288.2262
1654732800,289.60205
1654819200,285.97845
1654905600,269.50085
1654992000,254.56795
1655078400,222.59805
1655164800,223.074575
1655251200,233.2159
1655337600,209.94225
1655424000,215.642475
1655510400,196.9045
1655596800,214.932475
1655683200,216.330425
1655769600,219.87895
1655856000,214.181475
1655942400,228.705825
1656028800,240.00805
1656115200,239.7567
1656201600,233.84155
1656288000,233.594825
1656374400,226.637825
1656460800,219.48035
1656547200,219.485425
1656633600,216.54575
1656720000,217.908675
1656806400,218.918025
1656892800,231.2545
1656979200,230.600125
1657065600,238.407875
1657152000,241.408625
1657238400,240.39745
1657324800,243.292275
1657411200,234.599875
1657497600,225.46665
1657584000,220.1632
1657670400,230.3341
1657756800,238.414175
1657843200,238.543975
1657929600,249.86325
1658016000,247.7463
1658102400,264.246675
1658188800,268.6325
1658275200,258.372575
1658361600,265.602675
1658448000,262.5585
1658534400,259.24535
1658620800,261.608125
1658707200,244.28
1658793600,249.531175
1658880000,271.875975
1658966400,277.12335
1659052800,293.764375
1659139200,287.79035
1659225600,283.596475
1659312000,283.508725
1659398400,283.85725
1659484800,298.01335
1659571200,311.894425
1659657600,315.935275
1659744000,315.063675
1659830400,323.015975
1659916800,325.002675
1660003200,324.740225
1660089600,328.862975
1660176000,323.942275
1660262400,328.297525
1660348800,324.349725
1660435200,317.591875
1660521600,319.5036
1660608000,316.309775
1660694400,306.5085
1660780800,297.965975
1660867200,279.35005
1660953600,283.596675
1661040000,301.764275
1661126400,300.17705
1661212800,299.17935
1661299200,296.4182
1661385600,301.4029
1661472000,279.534575
1661558400,277.767725
1661644800,276.29825
1661731200,285.9925
1661817600,281.512
1661904000,279.26725
1661990400,278.3418
1662076800,277.494925
1662163200,277.800025
1662249600,279.086
1662336000,276.765675
1662422400,262.2184
1662508800,278.951075
1662595200,280.636275
1662681600,293.498425
1662768000,296.733625
1662854400,295.4659
1662940800,294.04465
1663027200,277.548125
1663113600,279.5118
1663200000,271.084825
1663286400,274.8952
1663372800,279.0966
1663459200,266.373325
1663545600,272.177475
1663632000,266.2799
1663718400,264.1801
1663804800,275.4928
1663891200,276.632575
1663977600,274.46025
1664064000,274.223175
1664150400,275.719425
1664236800,272.3952
1664323200,281.6697
1664409600,284.14285
1664496000,284.816325
1664582400,282.865225
1664668800,284.257975
1664755200,286.999975
1664841600,296.2564
1664928000,294.056675
1665014400,286.834025
1665100800,282.444775
1665187200,276.3118
1665273600,278.176725
1665360000,271.5925
1665446400,271.2842
1665532800,270.82895
1665619200,271.757325
1665705600,269.59265
1665792000,267.96725
1665878400,272.4808
1665964800,275.660825
1666051200,273.130775
1666137600,271.800325
1666224000,269.0351
1666310400,269.885925
1666396800,269.72
1666483200,276.013825
1666569600,274.170375
1666656000,284.1959
1666742400,290.198
1666828800,286.8056
1666915200,298.0176
1667001600,304.559475
1667088000,313.62645
1667174400,325.8032
1667260800,323.8937
1667347200,320.0127
1667433600,329.585
1667520000,354.6258
1667606400,349.0926
1667692800,338.1294
1667779200,336.8431
1667865600,327.2489
1667952000,266.3549
1668038400,303.3136
1668124800,289.2844
1668211200,281.8379
1668297600,276.2864
1668384000,278.5049
1668470400,276.649
1668556800,271.7708
1668643200,267.9093
1668729600,273.5293
1668816000,272.1055
1668902400,264.0386
1668988800,253.5463
1669075200,265.9726
1669161600,298.3668
1669248000,299.8553
1669334400,300.3096
1669420800,311.1975
1669507200,307.2497
1669593600,293.1542
1669680000,295.0328
1669766400,300.4351
1669852800,292.27
1669939200,293.4782
1670025600,290.5166
1670112000,291.9943
1670198400,288.3563
1670284800,290.1093
1670371200,284.013
1670457600,290.2957
1670544000,285.8825
1670630400,287.974
1670716800,284.34
1670803200,275.9292
1670889600,271.8105
1670976000,267.4956
1671062400,258.6165
1671148800,230.8585
1671235200,242.1652
1671321600,250.6569
1671408000,240.4349
1671494400,251.3176
1671580800,245.9438
1671667200,245.7938
1671753600,246.0359
1671840000,244.597
1671926400,243.0322
1672012800,244.3819
1672099200,246.5091
1672185600,244.4408
1672272000,246.196
1672358400,245.5305
1672444800,245.9774
1672531200,244.2971
1672617600,245.2553
1672704000,246.081
1672790400,258.8751
1672876800,256.4297
1672963200,259.8026
1673049600,261.1724
1673136000,274.9894
1673222400,272.5329
1673308800,277.2568
1673395200,284.8324
1673481600,287.8199
1673568000,293.9794
1673654400,305.1137
1673740800,302.2433
1673827200,299.1093
1673913600,299.3501
1674000000,286.7726
1674086400,294.715
1674172800,305.2439
1674259200,299.0978
1674345600,303.0257
1674432000,305.2326
1674518400,300.3771
1674604800,306.9255
1674691200,305.0228
1674777600,308.3089
1674864000,306.4035
1674950400,317.2342
1675036800,307.1807
1675123200,312.2746
1675209600,317.1173
1675296000,323.3463
1675382400,332.2933
1675468800,330.6055
1675555200,327.9199
1675641600,324.3445
1675728000,333.2185
1675814400,328.2258
1675900800,306.2399
1675987200,305.7754
1676073600,310.4653
1676160000,312.7986
1676246400,294.4484
1676332800,296.1606
1676419200,317.5774
1676505600,304.4816
1676592000,313.3021
1676678400,316.7459
1676764800,311.7078
1676851200,315.3675
1676937600,311.5636
1677024000,312.51873583
1677110400,308.3814
1677196800,302.2979
1677283200,302.4449778
1677369600,308.72897651
1677456000,304.72229563
1677542400,301.30576667
1677628800,302.68789166
1677715200,299.86271764
1677801600,290.45009417
1677888000,289.54583741
1677974400,288.82349167
1678060800,287.86073333
1678147200,289.21791926
1678233600,287.05
1678320000,277.13213259
1678406400,278.23333333
1678492800,278.41138107
1678579200,290.00818417
1678665600,308.90021647
1678752000,309.46563512
1678838400,307.17973333
1678924800,329.80349333
1679011200,339.56666667
1679097600,331.8206661
1679184000,337.47401233
1679270400,333.2252425
1679356800,335.30833333
1679443200,321.85
1679529600,329.91773088
1679616000,322.44109804
1679702400,322.73472894
1679788800,328.87703911
1679875200,310.73146853
1679961600,313.3991007
1680048000,313.74509898
1680134400,316.3242778
1680220800,317.01026667
1680307200,315.03273974
1680393600,313.86666667
1680480000,308.72495173
1680566400,310.78174567
1680652800,313.9086071
1680739200,312.30433333
1680825600,310.56666667
1680912000,310.70696576
1680998400,312.90000312
1681084800,318.66319431
1681171200,322.6215
1681257600,320.01666667
1681344000,324.9061
1681430400,329.20415947
1681516800,333.36314895
1681603200,348.00354552
1681689600,340.07422418
1681776000,343.14751591
1681862400,322.6850575
1681948800,318.1595
1682035200,321.43881467
1682121600,332.12083583
1682208000,330.71831139
1682294400,331.27946843
1682380800,338.45594525
1682467200,330.76149167
1682553600,330.90378812
1682640000,324.29315012
1682726400,322.0649565
1682812800,337.5500025
1682899200,328.74202231
1682985600,322.02058333
1683072000,326.14495936
1683158400,324.28974425
1683244800,327.12017277
1683331200,323.48163932
1683417600,323.65589567
1683504000,316.12463704
1683590400,313.36666667
1683676800,314.94991202
1683763200,307.69473593
1683849600,308.76297026
1683936000,310.9238767
1684022400,312.22833479
1684108800,313.54209009
1684195200,311.5088411
1684281600,314.11552705
1684368000,309.3
1684454400,309.05248066
1684540800,310.71666667
1684627200,306.64195298
1684713600,309.2810106
1684800000,313.55504434
1684886400,306.07560025
1684972800,304.78322973
1685059200,307.0129072
1685145600,307.73677673
1685232000,314.33041667
1685318400,311.86152299
1685404800,311.64419145
1685491200,306.83798579
1685577600,304.99260558
1685664000,307.30894416
1685750400,306.78333333
1685836800,305.21497519
1685923200,277.25871884
1686009600,281.489971
1686096000,261.9925757
1686182400,262.17715124
1686268800,258.60009491
1686355200,238.99371333
1686441600,235.29941237
1686528000,231.3
1686614400,244.73517998
1686700800,239.13809447
1686787200,237.24302167
1686873600,239.9105015
1686960000,245.06588054
1687046400,244.42153587
1687132800,242.76270436
1687219200,247.85643667
1687305600,247.55197131
1687392000,237.61839841
1687478400,240.95
1687564800,233.644897
1687651200,236.40666667
1687737600,233.56066667
1687824000,234.02440377
1687910400,228.2500025
1687996800,229.62362329
1688083200,235.81333139
1688169600,243.04833333
1688256000,241.65
1688342400,246.38384504
1688428800,242.54062022
1688515200,240.99999228
1688601600,232.32846771
1688688000,237.03227123
1688774400,237.84094385
1688860800,238.55036556
1688947200,246.17500375
1689033600,248.625
1689120000,243.92622841
1689206400,256.29783888
1689292800,247.21414237
1689379200,248.66414237
1689465600,242.43863685
1689552000,244.21313813
1689638400,240.35
1689724800,240.95
1689811200,242.78350059
1689897600,243.775
1689984000,241.08926572
1690070400,242.525
1690156800,239.02323706
1690243200,237.76758704
1690329600,239.02724974
1690416000,240.6627367
1690502400,241.92498904
1690588800,242.52599587
1690675200,242.56883171
1690761600,240.975
1690848000,247.725
1690934400,240.56667261
1691020800,240.9547655
1691107200,241.5206
1691193600,243.10456188
1691280000,242.9635275
1691366400,241.82777776
1691452800,245.0975
1691539200,243.76375
1691625600,241.2955
1691712000,239.45419311
1691798400,240.03833686
1691884800,239.90308044
1691971200,240.20417771
1692057600,236.47556969
1692144000,231.71123576
1692230400,217.89000167
1692316800,215.89351685
1692403200,216.73
1692489600,216.4633375
1692576000,210.25333833
1692662400,210.71864181
1692748800,216.54
1692835200,218.79316727
1692921600,218.2513962
1693008000,216.31166667
1693094400,218.20666667
1693180800,218.52208667
1693267200,226.80272288
1693353600,223.70388854
1693440000,216.48
1693526400,213.49
1693612800,214.34455108
1693699200,214.20160093
1693785600,215.0211517
1693872000,214.39835833
1693958400,215.01059135
1694044800,216.97860439
1694131200,214.49287037
1694217600,214.0333375
1694304000,212.181486
1694390400,205.97876134
1694476800,210.6108372
1694563200,212.47037488
1694649600,212.115
1694736000,213.95584626
1694822400,214.74346167
1694908800,216.36
1694995200,215.87095214
1695081600,217.10905125
1695168000,214.2541775
1695254400,210.69611758
1695340800,210.96004
1695427200,210.4061624
1695513600,208.21
1695600000,209.81063478
1695686400,212.35220304
1695772800,211.84872486
1695859200,214.91025397
1695945600,215.04105164
1696032000,214.49586542
1696118400,218.02074162
1696204800,214.48403333
1696291200,213.32345996
1696377600,213.27898728
1696464000,210.53701919
1696550400,213.29248106
1696636800,212.21000833
1696723200,211.31688333
1696809600,205.74202048
1696896000,208.46
1696982400,206.42333333
1697068800,205.10805542
1697155200,205.87721667
1697241600,206.4252692
1697328000,209.66651125
1697414400,214.63028107
1697500800,211.38268333
1697587200,210.21655878
1697673600,211.12666667
1697760000,212.02666667
1697846400,214.15535228
1697932800,217.71537862
1698019200,228.50258567
1698105600,225.02671333
1698192000,222.03023086
1698278400,223.1024089
1698364800,224.22340667
1698451200,225.57211111
1698537600,226.97999854
1698624000,227.938345
1698710400,226.18666667
1698796800,227.94965391
1698883200,231.71333333
1698969600,230.245
1699056000,237.19835833
1699142400,244.01527944
1699228800,255.03333333
1699315200,246.14374844
1699401600,246.59333333
1699488000,251.49006087
1699574400,251.02659036
1699660800,251.61179905
1699747200,247.41994353
1699833600,241.16693942
1699920000,242.08964911
1700006400,253.6525
1700092800,242.75761836
1700179200,244.8840095
1700265600,244.85847122
1700352000,246.53437338
1700438400,253.2408132
1700524800,225.69439794
1700611200,236.22189535
1700697600,233.76876995
1700784000,232.77569223
1700870400,234.53938551
1700956800,231.80328912
1701043200,227.28762267
1701129600,229.57608993
1701216000,227.36143329
1701302400,227.57222629
1701388800,228.52151237
1701475200,229.11430118
1701561600,228.07981145
1701648000,233.46785119
1701734400,231.20218385
1701820800,229.50505154
1701907200,232.65553903
1701993600,238.9576832
1702080000,237.6477253
1702166400,239.85801196
1702252800,246.38506961
1702339200,254.31873287
1702425600,251.91543296
1702512000,253.32576506
1702598400,244.89614804
1702684800,244.2999603
1702771200,238.77949006
1702857600,241.47287788
1702944000,252.74076909
1703030400,260.16596872
1703116800,271.95106135
1703203200,271.0872594
1703289600,271.09061284
1703376000,264.55974234
1703462400,266.89663487
1703548800,297.88198398
1703635200,324.03228571
1703721600,322.8351312
1703808000,313.7512927
1703894400,317.01404536
1703980800,311.83800119
1704067200,313.42835149
1704153600,312.24161463
1704240000,315.95238085
1704326400,323.75998386
1704412800,317.78049499
1704499200,307.7278188
1704585600,302.54985801
1704672000,303.92761616
1704758400,301.28897513
1704844800,305.74474843
1704931200,308.33388722
1705017600,296.68715636
1705104000,302.03794717
1705190400,299.47573688
1705276800,317.27772386
1705363200,314.98480606
1705449600,309.28242262
1705536000,312.63465994
1705622400,314.34274099
1705708800,316.98215206
1705795200,318.36951133
1705881600,305.69259914
1705968000,298.44653133
1706054400,292.8480151
1706140800,291.9560983
1706227200,302.02145405
1706313600,305.62758857
1706400000,305.24865785
1706486400,310.61725057
1706572800,307.6
1706659200,300.48
1706745600,299.94
1706832000,301.28
1706918400,299.55
1707004800,304.54
1707091200,301.06
1707177600,302.43
1707264000,307.26
1707350400,319.07
1707436800,323.98
1707523200,323.16
1707609600,320.79
1707696000,327.97
1707782400,324.76
1707868800,334.03
1707955200,354.52
1708041600,360.73
1708128000,353.05
1708214400,349.81
1708300800,351.71
1708387200,354.69
1708473600,379.21
1708560000,382.57
1708646400,375.36
1708732800,381.59
1708819200,388.46
1708905600,401.61
1708992000,394.9
1709078400,414.91
1709164800,399.8
1709251200,407.59
1709337600,411.16
1709424000,414.74
1709510400,418.65
1709596800,394.52
1709683200,429.78
1709769600,474.75
1709856000,486.56
1709942400,489.31
1710028800,529.86
1710115200,523.28
1710201600,537.5
1710288000,630.57
1710374400,603.53
1710460800,632.93
1710547200,576.54
1710633600,571.07
1710720000,554.84
1710806400,507.51
1710892800,556.37
1710979200,553.81
1711065600,553.6
1711152000,551.94
1711238400,567.76
1711324800,586.88
1711411200,580.41
1711497600,574.18
1711584000,583.04
1711670400,612.38
1711756800,600.97
1711843200,606.94
1711929600,576.06
1712016000,551.51
1712102400,561.78
1712188800,585.39
1712275200,578.1
1712361600,585.67
1712448000,584.07
1712534400,586.36
1712620800,580.43
1712707200,609.58
1712793600,604.53
1712880000,595.66
1712966400,553.52
1713052800,567.08
1713139200,553.22
1713225600,537.79
1713312000,534.24
1713398400,552.1
1713484800,554.18
1713571200,571.04
1713657600,579.74
1713744000,604.61
1713830400,606.33
1713916800,608.82
1714003200,612.94
1714089600,597.72
1714176000,595.92
1714262400,599.73
1714348800,592.65
1714435200,578.12
1714521600,561.32
1714608000,559.56
1714694400,587.01
1714780800,585.76
1714867200,592.01
1714953600,588.21
1715040000,576.44
1715126400,588.51
1715212800,596.49
1715299200,585.53
1715385600,592.07
1715472000,594.52
1715558400,591.44
1715644800,566.99
1715731200,580.77
1715817600,569.36
1715904000,581.01
1715990400,580.53
1716076800,574.67
1716163200,599.69
1716249600,618.58
1716336000,614.64
1716422400,599
1716508800,599.85
1716595200,602.05
1716681600,600.05
1716768000,603.5
1716854400,601.12
1716940800,594.99
1717027200,594.25
1717113600,593.58
1717200000,601.3
1717286400,602.44
1717372800,626.13
1717459200,685.59
1717545600,698.88
1717632000,710.92
1717718400,683.63
1717804800,682.35
1717891200,672.96
1717977600,624.96
1718064000,602.08
1718150400,619.26
1718236800,599.5
1718323200,602.97
1718409600,607.75
1718496000,610.48
1718582400,603.88
1718668800,588.43
1718755200,598.96
1718841600,587.34
1718928000,585.83
1719014400,590.81
1719100800,577.28
1719187200,567.64
1719273600,577.82
1719360000,572.93
1719446400,581.33
1719532800,566.59
1719619200,569.2
1719705600,581.31
1719792000,576
1719878400,579.31
1719964800,555.79
1720051200,512.98
1720137600,497.47
1720224000,526.16
1720310400,490.73
1720396800,510.5
1720483200,516.8
1720569600,524.69
1720656000,524.8
1720742400,533.8
1720828800,532.45
1720915200,544.94
1721001600,585.29
1721088000,576.38
1721174400,569.05
1721260800,571.86
1721347200,593.29
1721433600,593.36
1721520000,602.5
1721606400,587.31
1721692800,582.19
1721779200,574.88
1721865600,570.56
1721952000,580.73
1722038400,581.53
1722124800,583.88
1722211200,574.24
1722297600,588
1722384000,576.27
1722470400,575.02
1722556800,542.5
1722643200,528.91
1722729600,496.52
1722816000,463.97
1722902400,484.99
1722988800,474.86
1723075200,517.15
1723161600,508.95
1723248000,523.29
1723334400,503.46
1723420800,518.37
1723507200,524.17
1723593600,523.51
1723680000,519.13
1723766400,519.7
1723852800,541.77
1723939200,531.25
1724025600,558.61
1724112000,569.53
1724198400,570.13
1724284800,583.07
1724371200,591.76
1724457600,580.97
1724544000,574.09
1724630400,548.49
1724716800,533.39
1724803200,536.88
1724889600,536.55
1724976000,535.17
1725062400,532.75
1725148800,512.28
1725235200,526.3
1725321600,518.71
1725408000,507.53
1725494400,502.41
1725580800,487
1725667200,493.33
1725753600,502.97
1725840000,518.61
1725926400,517.05
1726012800,530.15
1726099200,544.61
1726185600,556.27
1726272000,553.6
1726358400,553.39
1726444800,533.61
1726531200,546.04
1726617600,559.56
1726704000,566.97
1726790400,569.06
1726876800,588.75
1726963200,588.59
1727049600,604.57
1727136000,605.91
1727222400,587.51
1727308800,596.13
1727395200,606.96
1727481600,601.13
1727568000,595.62
1727654400,567.53
1727740800,547.19
1727827200,542.39
1727913600,544.67
1728000000,555.25
1728086400,562.96
1728172800,570.29
1728259200,564.16
1728345600,580.51
1728432000,570.4
1728518400,563.23
1728604800,573.09
1728691200,576.22
1728777600,572.06
1728864000,588.84
1728950400,594.4
1729036800,600.76
1729123200,592.65
1729209600,599.03
1729296000,597.7
1729382400,605.74
1729468800,598.56
1729555200,593.55
1729641600,584.6
1729728000,593.89
1729814400,574.71
1729900800,582.19
1729987200,588.48
1730073600,600.32
1730160000,605.86
1730246400,595.43
1730332800,576.37
1730419200,572.26
1730505600,568.21
1730592000,557.56
1730678400,552.33
1730764800,562.96
1730851200,592.08
1730937600,598.72
1731024000,598.16
1731110400,625.02
1731196800,627.7
1731283200,660.12
1731369600,626.3
1731456000,621.27
1731542400,622.83
1731628800,619.25
1731715200,622.77
1731801600,619.03
1731888000,619.14
1731974400,615.82
1732060800,606.32
1732147200,622.39
1732233600,633.62
1732320000,650.85
1732406400,660.25
1732492800,636.79
1732579200,613.48
1732665600,644
1732752000,654.51
1732838400,654.58
1732924800,653.89
1733011200,656.38
1733097600,648.19
1733184000,735.26
1733270400,740.06
1733356800,718.3
1733443200,731.02
1733529600,750.75
1733616000,742.5
1733702400,689.82
1733788800,677.09
1733875200,711.64
1733961600,706.16
1734048000,725.84
1734134400,715.94
1734220800,718.69
1734307200,720.4
1734393600,717.78
1734480000,686.43
1734566400,665.03
1734652800,677.96
1734739200,663.06
1734825600,649.37
1734912000,693.54
1734998400,695.97
1735084800,702.14
1735171200,688.77
1735257600,690.97
1735344000,721.08
1735430400,693.48
1735516800,704.03
1735603200,701.02
1735689600,706.37
1735776000,704.93
1735862400,713.99
1735948800,713.06
1736035200,709.1
1736121600,729.38
1736208000,698.09
1736294400,695.73
1736380800,685.15
1736467200,693.25
1736553600,696.62
1736640000,693
1736726400,688.3
1736812800,698.64
1736899200,714.31
1736985600,708.15
1737072000,721.54
1737158400,709.93
1737244800,682.38
1737331200,681.55
1737417600,691.41
1737504000,695.5
1737590400,689.44
1737676800,680.55
1737763200,686.35
1737849600,667.19
1737936000,679.63
1738022400,661.17
1738108800,667.52
1738195200,677.5
1738281600,677.52
1738368000,652.76
1738454400,617.54
1738540800,617.06
1738627200,573.29
1738713600,569.66
1738800000,571.77
1738886400,577.74
1738972800,612.55
1739059200,615.89
1739145600,618.61
1739232000,642.24
1739318400,696.8
1739404800,664.76
1739491200,659.79
1739577600,662.29
1739664000,673.26
1739750400,667.55
1739836800,648.06
1739923200,653.18
1740009600,656.26
1740096000,647.51
1740182400,668.17
1740268800,658.23
1740355200,614.2
1740441600,623.25
1740528000,610.77
1740614400,604.61
1740700800,587.47
1740787200,607.56
1740873600,623.63
1740960000,575.99
1741046400,583.58
1741132800,598.14
1741219200,596.48
1741305600,594.72
1741392000,592.9
1741478400,554.35
1741564800,531.19
1741651200,551.34
1741737600,569.67
1741824000,579.65
1741910400,587.5
1741996800,619.81
1742083200,602.3
1742169600,631.72
1742256000,627.8
1742342400,618.53
1742428800,630.66
1742515200,634.76
1742601600,626.79
1742688000,623.58
1742774400,637.07
1742860800,630
1742947200,618.08
1743033600,637.33
1743120000,619.61
1743206400,602.65
1743292800,601.92
1743379200,604.78
1743465600,611.03
1743552000,590.57
1743638400,592.53
1743724800,597.55
1743811200,593.03
1743897600,555.31
1743984000,554.22
1744070400,553.43
1744156800,581.86
1744243200,577.91
1744329600,585.62
1744416000,597.05
1744502400,584.17
1744588800,584.35
1744675200,579.47
1744761600,582.8
1744848000,590.48
1744934400,591.72
1745020800,591.65
1745107200,592.69
1745193600,597.37
1745280000,618.54
1745366400,605.96
1745452800,601.79
1745539200,600.17
1745625600,607.66
1745712000,603.69
1745798400,606.35
1745884800,601.17
1745971200,599.9
1746057600,599.73
1746144000,600.87
1746230400,599.5
1746316800,586.13
1746403200,597.69
1746489600,602.58
1746576000,602.69
1746662400,629.31
1746748800,666.75
1746835200,664
1746921600,651.2
1747008000,660.18
1747094400,664.18
1747180800,652.52
1747267200,651.93
1747353600,646.79
1747440000,639.67
1747526400,651.75
1747612800,649.92
1747699200,650.21
1747785600,673.63
1747872000,686.75
1747958400,657.09
1748044800,668.18
1748131200,669.67
1748217600,674.47
1748304000,687.17
1748390400,687.16
1748476800,675.26
1748563200,655.36
1748649600,658.27
1748736000,661.06
1748822400,666.21
1748908800,661.88
1748995200,663.63
1749081600,633.71
1749168000,643.05
1749254400,651.22
1749340800,652.33
1749427200,665.89
1749513600,673.77
1749600000,667.56
1749686400,654.98
1749772800,655.6
1749859200,645.91
1749945600,648.46
1750032000,650.78
1750118400,648.32
1750204800,644.83
1750291200,644.78
1750377600,641.71
1750464000,629.11
1750550400,616.03
1750636800,640.71
1750723200,643.93
1750809600,646.33
1750896000,642.65
1750982400,645.91
1751068800,648.87
1751155200,655.13
1751241600,657.08
1751328000,646.5
1751414400,659.85
1751500800,663.86
1751587200,653.79
1751673600,656.28
1751760000,663.28
1751846400,661.11
1751932800,660.6
1752019200,668.82
1752105600,685.99
1752192000,690.04
1752278400,686.09
1752364800,692.23
1752451200,689.4
1752537600,690.05
1752624000,708.56
1752710400,720.97
1752796800,730.41
1752883200,733.68
1752969600,757.25
1753056000,766.55
1753142400,787.11
1753228800,777.06
1753315200,771.11
1753401600,785.83
1753488000,793.26
1753574400,844.15
1753660800,824.19
1753747200,805.2
1753833600,793.36
1753920000,783.09
1754006400,757.03
1754092800,736.16
1754179200,751.05
1754265600,768.68
1754352000,755.12
1754438400,769.46
1754524800,788.8
1754611200,793.68
1754697600,798.89
1754784000,807.19
1754870400,805.21
1754956800,832.49
1755043200,847.81
1755129600,840.73
1755216000,828.34
1755302400,839.26
1755388800,855.88
1755475200,847.32
1755561600,824.44
1755648000,868.98
1755734400,839.41
1755820800,899.99
1755907200,880.1
1755993600,876.09
1756080000,839.23
1756166400,863.78
1756252800,855.5
1756339200,873.53
1756425600,862.28
1756512000,862.02
1756598400,857.69
1756684800,845.72
1756771200,851.92
1756857600,854.75
1756944000,843.93
1757030400,850.25
1757116800,860.96
1757203200,880.35
1757289600,878.09
1757376000,880.1
1757462400,893.83
1757548800,902.91
1757635200,925.11
1757721600,934.31
1757808000,926.88
1757894400,920.12
1757980800,956.24
1758067200,990.4
1758153600,981.34
1758240000,984.53
1758326400,1044.55
1758412800,1048.47
1758499200,993.49
1758585600,1016.9
1758672000,1018.85
1758758400,946.26
1758844800,961.18
1758931200,969.12
1759017600,993.64
1759104000,1030.41
1759190400,1009.08
1759276800,1026.52
1759363200,1090.97
1759449600,1190.17
1759536000,1151.51
1759622400,1167.57
1759708800,1224.07
1759795200,1304.99
1759881600,1307.9
1759968000,1255.72
1760054400,1103.06
1760140800,1137.07
1760227200,1304.07
1760313600,1295.89
1760400000,1209.21
1760486400,1163.22
1760572800,1145.52
1760659200,1071.5
1760745600,1092.89
1760832000,1110.37
1760918400,1100.64
1761004800,1057.6
1761091200,1072.28
1761177600,1126.87
1761264000,1109.65
1761350400,1116.84
1761436800,1138.35
1761523200,1139.05
1761609600,1103.57
1761696000,1107.76
1761782400,1079.12
1761868800,1088.87
1761955200,1094.38
1762041600,1082.96
1762128000,993.56
1762214400,936.47
1762300800,959.45
1762387200,950.29
1762473600,990.9
1762560000,990.47
1762646400,996.46
1762732800,991.8
1762819200,957.9
1762905600,952.68
1762992000,927.15
1763078400,914.87
1763164800,931.59
1763251200,926.2
1763337600,906.66
1763424000,931.78
1763510400,897.57
1763596800,865.94
1763683200,829.67
1763769600,833.41
1763856000,843.32
1763942400,864.94
1764028800,862.44
1764115200,891.48
1764201600,895.85
1764288000,887.2
1764374400,873.11
1764460800,875.73
1764547200,826.84
1764633600,876.65
1764720000,921.15
1764806400,900.18
1764892800,883.73
1764979200,890.72
1765065600,894.68
1765152000,897.36
1765238400,897.4
1765324800,893.45
1765411200,885.8
1765497600,881.76
1765584000,897.03
1765670400,877.6
1765756800,858.78
1765843200,875.51
1765929600,843.12
1766016000,829.73
1766102400,855.91
1766188800,853.65
1766275200,858.33
1766361600,858.3
1766448000,843.83
1766534400,846.22
1766620800,829.14
1766707200,834.27
1766793600,844.49
1766880000,858.75
1766966400,851.83
1767052800,860.67
1767139200,863.36
1767225600,863.14
1767312000,880.17
1767398400,878.31
1767484800,895.2
1767571200,909.92
1767657600,917.58
1767744000,899.8
1767830400,891.56
1767916800,895.95
1768003200,906.78
1768089600,902.96
1768176000,904.5
1768262400,942.59
1768348800,947.99
1768435200,931.28
1768521600,937.82
1768608000,946.89
1768694400,931.94
1768780800,923.22
1768867200,883.62
1768953600,882.31
1769040000,887.32
1769126400,890.82
1769212800,886.08
1769299200,864.73
1769385600,878.54
1769472000,897.42
1769558400,901.7
1769644800,867.46
1769731200,857.44
1769817600,780.26
1769904000,757.51
1769990400,773.24
1770076800,754.19
1770163200,696.27
1770249600,607.03
1770336000,656
1770422400,646.48
1770508800,639.57
1770595200,635.91
1770681600,619.51
1770768000,607.96
1770854400,613.77
1770940800,618.62
1771027200,632.41
1771113600,614.79
1771200000,626.89
1771286400,617.41
1771372800,604.47
1771459200,607.59
1771545600,625.67
1771632000,625.52
1771718400,614.68
1771804800,596.14
1771891200,583.41
1771977600,629.49
1772064000,625.81
1772150400,613.93
1772236800,617.09
1772323200,617.96
1772409600,637.62
1772496000,633.5
1772582400,658.09
1772668800,647.95
1772755200,627.38
1772841600,620.17
1772928000,611.95
1773014400,634.64
1773100800,642.08
1773187200,640.14